0,1,2
f171_1,f171_1_2,0
f171_2,f171_2_2,0
f172_1,f172_1_1,0
f172_2,f172_2_0,1
f173_1,f173_1_0,1
f173_2,f173_2_2,0
f174_1,f174_1_1,0
f174_2,f174_2_1,0
f175_1,f175_1_2,0
f175_2,f175_2_2,0
f176_1,f176_1_0,1
f176_2,f176_2_1,0
f177_1,f177_1_0,1
f178_1,f178_1_2,0
f178_2,f178_2_2,0
f179_1,f179_1_0,1
f179_2,f179_2_3,0
f180_1,f180_1_1,0
f180_2,f180_2_2,0
f181_1,f181_1_2,0
f181_2,f181_2_0,1
f182_1,f182_1_0,1
f182_2,f182_2_2,0
f183_1,f183_1_2,0
f183_2,f183_2_0,1
f184_1,f184_1_1,0
f184_2,f184_2_3,0
f185_1,f185_1_2,0
f185_2,f185_2_1,0
f186_1,f186_1_3,0
f186_2,f186_2_1,0
f187_1,f187_1_2,0
f187_2,f187_2_2,0
f188_1,f188_1_0,1
f188_2,f188_2_0,1
f189_1,f189_1_0,1
f189_2,f189_2_2,0
f190_1,f190_1_0,1
f190_2,f190_2_0,1
f191_1,f191_1_1,0
f191_2,f191_2_2,0
f192_1,f192_1_2,0
f192_2,f192_2_1,0
f193_1,f193_1_0,1
f193_2,f193_2_0,1
f194_1,f194_1_2,0
f194_2,f194_2_2,0
f195_1,f195_1_0,1
f195_2,f195_2_0,1
f196_1,f196_1_1,0
f196_2,f196_2_1,0
f197_1,f197_1_1,0
f197_2,f197_2_0,1
f198_1,f198_1_1,0
f198_2,f198_2_0,1
f199_1,f199_1_0,1
f199_2,f199_2_1,0
f200_1,f200_1_1,0
f200_2,f200_2_3,0
u171_1,u171_1_2,0
u171_2,u171_2_0,1
u172_1,u172_1_1,0
u172_2,u172_2_0,1
u173_1,u173_1_2,0
u173_2,u173_2_0,1
u174_1,u174_1_0,1
u174_2,u174_2_2,0
u175_1,u175_1_2,0
u175_2,u175_2_1,0
u176_1,u176_1_0,1
u176_2,u176_2_1,0
u177_1,u177_1_1,0
u177_2,u177_2_3,0
u178_1,u178_1_1,0
u178_2,u178_2_0,1
u179_1,u179_1_0,1
u179_2,u179_2_3,0
u180_1,u180_1_0,1
u180_2,u180_2_1,0
u181_1,u181_1_1,0
u181_2,u181_2_1,0
u182_1,u182_1_0,1
u182_2,u182_2_0,1
u183_1,u183_1_1,0
u183_2,u183_2_0,1
u184_1,u184_1_0,1
u184_2,u184_2_1,0
u185_1,u185_1_2,0
u185_2,u185_2_2,0
u186_1,u186_1_2,0
u186_2,u186_2_1,0
u187_1,u187_1_2,0
u187_2,u187_2_2,0
u188_1,u188_1_0,1
u188_2,u188_2_2,0
u189_1,u189_1_0,1
u189_2,u189_2_1,0
u190_1,u190_1_0,1
u190_2,u190_2_0,1
u191_1,u191_1_0,1
u191_2,u191_2_0,1
u192_1,u192_1_1,0
u192_2,u192_2_1,0
u193_1,u193_1_0,1
u193_2,u193_2_0,1
u194_1,u194_1_2,0
u194_2,u194_2_1,0
u195_1,u195_1_0,1
u195_2,u195_2_1,0
u196_1,u196_1_2,0
u196_2,u196_2_1,0
u197_1,u197_1_1,0
u197_2,u197_2_3,0
u198_1,u198_1_0,1
u198_2,u198_2_0,1
u199_1,u199_1_0,1
u199_2,u199_2_0,1
u200_1,u200_1_0,1
u200_2,u200_2_2,0
b127_1,b127_1_0,1
b127_2,b127_2_0,1
b128_1,b128_1_0,1
b128_2,b128_2_0,1
b129_1,b129_1_0,1
b129_2,b129_2_1,0
b130_1,b130_1_0,1
b130_2,b130_2_0,1
b131_1,b131_1_0,1
b131_2,b131_2_1,0
b132_1,b132_1_0,1
b132_2,b132_2_1,0
b133_1,b133_1_0,1
b133_2,b133_2_0,1
b134_1,b134_1_2,0
b134_2,b134_2_0,1
b029_1,b029_1_0,1
b029_2,b029_2_2,0
b030_1,b030_1_0,1
b030_2,b030_2_1,0
b031_1,b031_1_0,1
b031_2,b031_2_0,1
b032_1,b032_1_0,1
b032_2,b032_2_2,0
b033_1,b033_1_2,0
b033_2,b033_2_0,1
b034_1,b034_1_0,1
b034_2,b034_2_0,1
b035_1,b035_1_2,0
b035_2,b035_2_0,1
b036_1,b036_1_0,1
b036_2,b036_2_0,1
b037_1,b037_1_1,0
b037_2,b037_2_0,1
b038_1,b038_1_2,0
b038_2,b038_2_0,1
b039_1,b039_1_0,1
b039_2,b039_2_1,0
b040_1,b040_1_2,0
b040_2,b040_2_2,0
b041_1,b041_1_0,1
b041_2,b041_2_0,1
b042_1,b042_1_2,0
b042_2,b042_2_2,0
b043_1,b043_1_0,1
b043_2,b043_2_1,0
b044_1,b044_1_1,0
b044_2,b044_2_0,1
b045_1,b045_1_1,0
b045_2,b045_2_3,0
b046_1,b046_1_1,0
b046_2,b046_2_3,0
b047_1,b047_1_0,1
b047_2,b047_2_0,1
b048_1,b048_1_0,1
b048_2,b048_2_1,0
b049_1,b049_1_0,1
b049_2,b049_2_1,0
b050_1,b050_1_1,0
b050_2,b050_2_0,1
n171_1,n171_1_0,1
n171_2,n171_2_0,1
n172_1,n172_1_1,0
n172_2,n172_2_0,1
n173_1,n173_1_2,0
n173_2,n173_2_0,1
n174_1,n174_1_0,1
n174_2,n174_2_0,1
n175_1,n175_1_2,0
n175_2,n175_2_0,1
n176_1,n176_1_0,1
n176_2,n176_2_0,1
n177_1,n177_1_0,1
n177_2,n177_2_0,1
n178_1,n178_1_0,1
n178_2,n178_2_1,0
n179_1,n179_1_0,1
n179_2,n179_2_0,1
n180_1,n180_1_2,0
n180_2,n180_2_0,1
n181_1,n181_1_0,1
n181_2,n181_2_0,1
n182_1,n182_1_0,1
n182_2,n182_2_1,0
n183_1,n183_1_0,1
n183_2,n183_2_0,1
n184_1,n184_1_0,1
n184_2,n184_2_0,1
n185_1,n185_1_0,1
n185_2,n185_2_2,0
n186_1,n186_1_1,0
n186_2,n186_2_1,0
n187_1,n187_1_1,0
n187_2,n187_2_1,0
n188_1,n188_1_1,0
n188_2,n188_2_2,0
n189_1,n189_1_0,1
n189_2,n189_2_1,0
n190_1,n190_1_3,0
n190_2,n190_2_0,1
n191_1,n191_1_2,0
n191_2,n191_2_1,0
n192_1,n192_1_2,0
n192_2,n192_2_2,0
n193_1,n193_1_0,1
n193_2,n193_2_0,1
n194_1,n194_1_1,0
n194_2,n194_2_0,1
n195_1,n195_1_3,0
n195_2,n195_2_2,0
n196_1,n196_1_1,0
n196_2,n196_2_0,1
n197_1,n197_1_1,0
n197_2,n197_2_0,1
n198_1,n198_1_2,0
n198_2,n198_2_1,0
n199_1,n199_1_1,0
n199_2,n199_2_0,1
n200_1,n200_1_0,1
n200_2,n200_2_1,0
f171_3,f171_3_1,0
f171_4,f171_4_1,0
f172_3,f172_3_0,1
f172_4,f172_4_2,0
f173_3,f173_3_2,0
f173_4,f173_4_0,1
f174_3,f174_3_2,0
f174_4,f174_4_2,0
f175_3,f175_3_1,0
f175_4,f175_4_3,0
f176_3,f176_3_1,0
f176_4,f176_4_1,0
f177_3,f177_3_2,0
f177_4,f177_4_1,0
f178_3,f178_3_1,0
f178_4,f178_4_2,0
f179_3,f179_3_1,0
f180_3,f180_3_2,0
f180_4,f180_4_1,0
f181_4,f181_4_2,0
f181_19,f181_19_0,1
f182_3,f182_3_0,1
f182_4,f182_4_1,0
f183_3,f183_3_2,0
f183_4,f183_4_0,1
f184_3,f184_3_1,0
f184_4,f184_4_0,1
f185_3,f185_3_1,0
f185_4,f185_4_2,0
f186_3,f186_3_2,0
f186_4,f186_4_3,0
f187_3,f187_3_1,0
f187_4,f187_4_2,0
f188_3,f188_3_2,0
f188_4,f188_4_2,0
f189_3,f189_3_0,1
f189_4,f189_4_0,1
f190_3,f190_3_0,1
f190_4,f190_4_2,0
f191_3,f191_3_0,1
f191_4,f191_4_2,0
f192_3,f192_3_2,0
f192_4,f192_4_0,1
f193_3,f193_3_2,0
f193_4,f193_4_0,1
f194_3,f194_3_2,0
f194_4,f194_4_1,0
f195_3,f195_3_0,1
f195_4,f195_4_0,1
f196_19,f196_19_2,0
f196_20,f196_20_1,0
f197_3,f197_3_0,1
f197_4,f197_4_0,1
f198_3,f198_3_2,0
f198_4,f198_4_1,0
f199_3,f199_3_2,0
f199_4,f199_4_2,0
f200_3,f200_3_1,0
f200_4,f200_4_1,0
u171_3,u171_3_1,0
u171_4,u171_4_1,0
u172_3,u172_3_1,0
u172_4,u172_4_0,1
u173_3,u173_3_2,0
u173_4,u173_4_3,0
u174_3,u174_3_2,0
u174_4,u174_4_0,1
u175_3,u175_3_0,1
u175_4,u175_4_0,1
u176_3,u176_3_3,0
u176_4,u176_4_1,0
u177_3,u177_3_0,1
u177_4,u177_4_1,0
u178_3,u178_3_1,0
u178_4,u178_4_0,1
u179_3,u179_3_0,1
u179_4,u179_4_0,1
u180_3,u180_3_2,0
u180_4,u180_4_0,1
u181_3,u181_3_3,0
u181_4,u181_4_1,0
u182_3,u182_3_2,0
u182_4,u182_4_2,0
u183_3,u183_3_1,0
u183_4,u183_4_0,1
u184_3,u184_3_2,0
u184_4,u184_4_1,0
u185_3,u185_3_0,1
u185_4,u185_4_0,1
u186_3,u186_3_1,0
u186_4,u186_4_3,0
u187_3,u187_3_1,0
u187_4,u187_4_2,0
u188_3,u188_3_0,1
u188_4,u188_4_0,1
u189_3,u189_3_0,1
u189_4,u189_4_0,1
u190_3,u190_3_0,1
u190_4,u190_4_0,1
u191_3,u191_3_0,1
u191_4,u191_4_0,1
u192_3,u192_3_0,1
u192_4,u192_4_0,1
u193_3,u193_3_0,1
u193_4,u193_4_0,1
u194_3,u194_3_0,1
u194_4,u194_4_1,0
u195_3,u195_3_1,0
u195_4,u195_4_0,1
u196_3,u196_3_1,0
u196_4,u196_4_0,1
u197_3,u197_3_0,1
u197_4,u197_4_0,1
u198_3,u198_3_0,1
u198_4,u198_4_1,0
u199_3,u199_3_0,1
u199_4,u199_4_1,0
u200_3,u200_3_3,0
u200_4,u200_4_0,1
b127_3,b127_3_0,1
b127_4,b127_4_2,0
b128_3,b128_3_1,0
b128_4,b128_4_0,1
b129_3,b129_3_2,0
b129_4,b129_4_0,1
b130_3,b130_3_1,0
b130_4,b130_4_0,1
b131_3,b131_3_0,1
b131_4,b131_4_2,0
b132_3,b132_3_2,0
b132_4,b132_4_0,1
b133_3,b133_3_1,0
b133_4,b133_4_0,1
b134_3,b134_3_2,0
b134_4,b134_4_0,1
b029_3,b029_3_2,0
b029_4,b029_4_0,1
b030_3,b030_3_0,1
b030_4,b030_4_2,0
b031_3,b031_3_3,0
b031_4,b031_4_0,1
b032_3,b032_3_1,0
b032_4,b032_4_1,0
b033_3,b033_3_0,1
b033_4,b033_4_0,1
b034_3,b034_3_2,0
b034_4,b034_4_0,1
b035_3,b035_3_2,0
b035_4,b035_4_0,1
b036_3,b036_3_0,1
b036_4,b036_4_2,0
b037_3,b037_3_3,0
b037_4,b037_4_0,1
b038_3,b038_3_0,1
b038_4,b038_4_1,0
b039_3,b039_3_0,1
b039_4,b039_4_2,0
b040_3,b040_3_2,0
b040_4,b040_4_0,1
b041_3,b041_3_0,1
b041_4,b041_4_0,1
b042_3,b042_3_0,1
b042_4,b042_4_0,1
b043_3,b043_3_0,1
b043_4,b043_4_0,1
b044_3,b044_3_3,0
b044_4,b044_4_2,0
b045_3,b045_3_1,0
b045_4,b045_4_1,0
b046_3,b046_3_0,1
b046_4,b046_4_0,1
b047_3,b047_3_0,1
b047_4,b047_4_2,0
b048_3,b048_3_2,0
b048_4,b048_4_0,1
b049_3,b049_3_1,0
b049_4,b049_4_1,0
b050_3,b050_3_1,0
b050_4,b050_4_1,0
n171_3,n171_3_1,0
n171_4,n171_4_1,0
n172_3,n172_3_2,0
n172_4,n172_4_0,1
n173_3,n173_3_1,0
n173_4,n173_4_2,0
n174_3,n174_3_0,1
n174_4,n174_4_2,0
n175_3,n175_3_1,0
n175_4,n175_4_0,1
n176_3,n176_3_1,0
n176_4,n176_4_1,0
n177_3,n177_3_2,0
n177_4,n177_4_1,0
n178_3,n178_3_1,0
n178_4,n178_4_0,1
n179_3,n179_3_0,1
n179_4,n179_4_2,0
n180_3,n180_3_0,1
n180_4,n180_4_1,0
n181_3,n181_3_2,0
n181_4,n181_4_0,1
n182_3,n182_3_1,0
n182_4,n182_4_3,0
n183_3,n183_3_2,0
n183_4,n183_4_1,0
n184_3,n184_3_1,0
n184_4,n184_4_2,0
n185_3,n185_3_1,0
n185_4,n185_4_1,0
n186_3,n186_3_2,0
n186_4,n186_4_0,1
n187_3,n187_3_0,1
n187_4,n187_4_0,1
n188_3,n188_3_0,1
n188_4,n188_4_0,1
n189_3,n189_3_2,0
n189_4,n189_4_1,0
n190_3,n190_3_1,0
n190_4,n190_4_0,1
n191_3,n191_3_2,0
n191_4,n191_4_0,1
n192_3,n192_3_2,0
n192_4,n192_4_2,0
n193_3,n193_3_2,0
n193_4,n193_4_0,1
n194_3,n194_3_1,0
n194_4,n194_4_1,0
n195_3,n195_3_2,0
n195_4,n195_4_2,0
n196_3,n196_3_1,0
n196_4,n196_4_1,0
n197_3,n197_3_1,0
n197_4,n197_4_0,1
n198_3,n198_3_0,1
n198_4,n198_4_1,0
n199_3,n199_3_1,0
n199_4,n199_4_1,0
n200_3,n200_3_0,1
n200_4,n200_4_1,0
f171_19,f171_19_3,1
f171_20,f171_20_1,0
f171_17,f171_17_0,0
f171_18,f171_18_1,0
f172_17,f172_17_3,1
f172_18,f172_18_2,0
f173_17,f173_17_0,0
f173_18,f173_18_3,1
f174_17,f174_17_3,1
f174_18,f174_18_0,0
f175_17,f175_17_1,0
f175_18,f175_18_0,0
f176_17,f176_17_0,0
f176_18,f176_18_3,1
f176_19,f176_19_3,1
f177_17,f177_17_3,1
f177_18,f177_18_1,0
f178_17,f178_17_3,1
f178_18,f178_18_3,1
f179_17,f179_17_3,1
f179_18,f179_18_3,1
f180_17,f180_17_3,1
f180_18,f180_18_3,1
f181_13,f181_13_3,1
f181_17,f181_17_1,0
f181_18,f181_18_2,0
f182_17,f182_17_3,1
f182_18,f182_18_3,1
f183_17,f183_17_0,0
f183_18,f183_18_3,1
f184_17,f184_17_1,0
f184_18,f184_18_1,0
f185_17,f185_17_3,1
f185_18,f185_18_0,0
f186_17,f186_17_3,1
f186_18,f186_18_3,1
f187_17,f187_17_3,1
f187_18,f187_18_3,1
f188_17,f188_17_1,0
f188_18,f188_18_2,0
f189_17,f189_17_0,0
f189_18,f189_18_1,0
f190_17,f190_17_0,0
f190_18,f190_18_3,1
f191_17,f191_17_3,1
f191_18,f191_18_2,0
f192_17,f192_17_2,0
f192_18,f192_18_3,1
f193_17,f193_17_0,0
f193_18,f193_18_3,1
f194_17,f194_17_3,1
f194_18,f194_18_3,1
f194_19,f194_19_3,1
f195_17,f195_17_3,1
f195_18,f195_18_1,0
f196_17,f196_17_3,1
f196_18,f196_18_0,0
f197_17,f197_17_3,1
f197_18,f197_18_3,1
f198_17,f198_17_1,0
f198_18,f198_18_3,1
f199_17,f199_17_3,1
f199_18,f199_18_2,0
f200_6,f200_6_2,0
f200_17,f200_17_3,1
f200_18,f200_18_3,1
u171_17,u171_17_0,0
u171_18,u171_18_1,0
u172_17,u172_17_1,0
u172_18,u172_18_3,1
u173_17,u173_17_3,1
u173_18,u173_18_2,0
u174_17,u174_17_3,1
u174_18,u174_18_3,1
u175_17,u175_17_3,1
u175_18,u175_18_3,1
u176_17,u176_17_0,0
u176_18,u176_18_2,0
u177_17,u177_17_3,1
u177_18,u177_18_2,0
u178_17,u178_17_3,1
u178_18,u178_18_3,1
u179_17,u179_17_0,0
u179_18,u179_18_3,1
u180_17,u180_17_0,0
u180_18,u180_18_2,0
u181_17,u181_17_3,1
u181_18,u181_18_0,0
u182_17,u182_17_3,1
u182_18,u182_18_3,1
u183_17,u183_17_0,0
u183_18,u183_18_0,0
u184_17,u184_17_3,1
u184_18,u184_18_0,0
u185_17,u185_17_3,1
u185_18,u185_18_3,1
u186_17,u186_17_3,1
u186_18,u186_18_2,0
u187_17,u187_17_3,1
u187_18,u187_18_3,1
u188_17,u188_17_3,1
u188_18,u188_18_3,1
u189_17,u189_17_3,1
u189_18,u189_18_3,1
u190_17,u190_17_3,1
u190_18,u190_18_3,1
u191_17,u191_17_3,1
u191_18,u191_18_3,1
u192_17,u192_17_3,1
u192_18,u192_18_0,0
u193_17,u193_17_3,1
u193_18,u193_18_0,0
u194_17,u194_17_1,0
u194_18,u194_18_3,1
u195_17,u195_17_3,1
u195_18,u195_18_2,0
u196_17,u196_17_3,1
u196_18,u196_18_3,1
u197_17,u197_17_1,0
u197_18,u197_18_3,1
u198_17,u198_17_2,0
u198_18,u198_18_3,1
u199_17,u199_17_3,1
u199_18,u199_18_3,1
u200_17,u200_17_3,1
u200_18,u200_18_3,1
b127_17,b127_17_3,1
b127_18,b127_18_3,1
b128_17,b128_17_3,1
b128_18,b128_18_1,0
b129_17,b129_17_0,0
b129_18,b129_18_2,0
b130_17,b130_17_2,0
b130_18,b130_18_3,1
b131_17,b131_17_3,1
b131_18,b131_18_2,0
b132_17,b132_17_3,1
b132_18,b132_18_0,0
b133_17,b133_17_2,0
b133_18,b133_18_3,1
b134_17,b134_17_2,0
b134_18,b134_18_2,0
b029_17,b029_17_3,1
b029_18,b029_18_3,1
b030_17,b030_17_3,1
b030_18,b030_18_1,0
b031_17,b031_17_3,1
b031_18,b031_18_3,1
b032_17,b032_17_0,0
b032_18,b032_18_2,0
b033_17,b033_17_3,1
b033_18,b033_18_0,0
b034_17,b034_17_3,1
b034_18,b034_18_3,1
b035_17,b035_17_2,0
b035_18,b035_18_3,1
b036_17,b036_17_0,0
b036_18,b036_18_0,0
b037_17,b037_17_3,1
b037_18,b037_18_3,1
b038_17,b038_17_2,0
b038_18,b038_18_3,1
b039_17,b039_17_2,0
b039_18,b039_18_2,0
b040_17,b040_17_3,1
b040_18,b040_18_2,0
b041_17,b041_17_1,0
b041_18,b041_18_2,0
b042_17,b042_17_0,0
b042_18,b042_18_0,0
b043_17,b043_17_1,0
b043_18,b043_18_3,1
b044_17,b044_17_3,1
b044_18,b044_18_2,0
b045_17,b045_17_3,1
b045_18,b045_18_2,0
b046_17,b046_17_0,0
b046_18,b046_18_2,0
b047_17,b047_17_3,1
b047_18,b047_18_3,1
b048_17,b048_17_3,1
b048_18,b048_18_3,1
b049_17,b049_17_0,0
b049_18,b049_18_3,1
b050_17,b050_17_3,1
b050_18,b050_18_0,0
n171_17,n171_17_3,1
n171_18,n171_18_2,0
n172_17,n172_17_3,1
n172_18,n172_18_0,0
n173_17,n173_17_3,1
n173_18,n173_18_2,0
n174_17,n174_17_3,1
n174_18,n174_18_3,1
n175_17,n175_17_1,0
n175_18,n175_18_3,1
n176_17,n176_17_1,0
n176_18,n176_18_3,1
n177_17,n177_17_3,1
n177_18,n177_18_3,1
n178_17,n178_17_3,1
n178_18,n178_18_3,1
n179_17,n179_17_3,1
n179_18,n179_18_2,0
n180_17,n180_17_3,1
n180_18,n180_18_1,0
n181_17,n181_17_1,0
n181_18,n181_18_3,1
n182_17,n182_17_3,1
n182_18,n182_18_0,0
n183_17,n183_17_0,0
n183_18,n183_18_3,1
n184_17,n184_17_3,1
n184_18,n184_18_3,1
n185_17,n185_17_3,1
n185_18,n185_18_3,1
n186_17,n186_17_3,1
n186_18,n186_18_3,1
n187_17,n187_17_3,1
n187_18,n187_18_3,1
n188_17,n188_17_3,1
n188_18,n188_18_3,1
n189_17,n189_17_3,1
n189_18,n189_18_3,1
n190_17,n190_17_1,0
n190_18,n190_18_3,1
n191_17,n191_17_3,1
n191_18,n191_18_3,1
n192_17,n192_17_2,0
n192_18,n192_18_3,1
n193_17,n193_17_1,0
n193_18,n193_18_3,1
n194_17,n194_17_3,1
n194_18,n194_18_3,1
n195_17,n195_17_3,1
n195_18,n195_18_3,1
n196_17,n196_17_1,0
n196_18,n196_18_3,1
n197_17,n197_17_3,1
n197_18,n197_18_3,1
n198_17,n198_17_3,1
n198_18,n198_18_3,1
n199_17,n199_17_0,0
n199_18,n199_18_3,1
n200_17,n200_17_3,1
n200_18,n200_18_3,1
f171_5,f171_5_2,0
f171_6,f171_6_1,0
f172_5,f172_5_0,1
f172_6,f172_6_2,0
f173_5,f173_5_0,1
f173_6,f173_6_0,1
f174_5,f174_5_1,0
f174_6,f174_6_2,0
f175_5,f175_5_0,1
f175_6,f175_6_3,0
f176_5,f176_5_1,0
f176_6,f176_6_0,1
f177_5,f177_5_0,1
f177_6,f177_6_1,0
f178_5,f178_5_0,1
f178_6,f178_6_1,0
f179_5,f179_5_0,1
f179_6,f179_6_2,0
f180_5,f180_5_3,0
f180_6,f180_6_0,1
f181_5,f181_5_3,0
f181_6,f181_6_0,1
f182_5,f182_5_3,0
f182_6,f182_6_1,0
f183_5,f183_5_0,1
f183_6,f183_6_1,0
f184_5,f184_5_1,0
f184_6,f184_6_3,0
f185_5,f185_5_3,0
f185_6,f185_6_1,0
f186_5,f186_5_3,0
f186_6,f186_6_1,0
f187_5,f187_5_0,1
f187_6,f187_6_2,0
f188_5,f188_5_2,0
f188_6,f188_6_0,1
f189_5,f189_5_1,0
f189_6,f189_6_2,0
f190_5,f190_5_0,1
f190_6,f190_6_3,0
f191_5,f191_5_3,0
f191_6,f191_6_1,0
f192_5,f192_5_1,0
f192_6,f192_6_2,0
f193_5,f193_5_0,1
f193_6,f193_6_1,0
f194_5,f194_5_0,1
f194_6,f194_6_0,1
f195_5,f195_5_2,0
f195_6,f195_6_0,1
f196_5,f196_5_0,1
f196_6,f196_6_2,0
f197_5,f197_5_0,1
f197_6,f197_6_0,1
f198_5,f198_5_0,1
f198_6,f198_6_1,0
f199_5,f199_5_3,0
f199_6,f199_6_2,0
f200_5,f200_5_0,1
f200_19,f200_19_1,0
u171_5,u171_5_0,1
u171_6,u171_6_0,1
u172_5,u172_5_0,1
u172_6,u172_6_1,0
u173_5,u173_5_2,0
u173_6,u173_6_0,1
u174_5,u174_5_0,1
u174_6,u174_6_0,1
u175_5,u175_5_1,0
u175_6,u175_6_0,1
u176_5,u176_5_3,0
u176_6,u176_6_0,1
u177_5,u177_5_1,0
u177_6,u177_6_2,0
u178_5,u178_5_0,1
u178_6,u178_6_0,1
u179_5,u179_5_1,0
u179_6,u179_6_1,0
u180_5,u180_5_0,1
u180_6,u180_6_0,1
u181_5,u181_5_1,0
u181_6,u181_6_1,0
u182_5,u182_5_0,1
u182_6,u182_6_2,0
u183_5,u183_5_1,0
u183_6,u183_6_0,1
u184_5,u184_5_1,0
u184_6,u184_6_2,0
u185_5,u185_5_2,0
u185_6,u185_6_0,1
u186_5,u186_5_3,0
u186_6,u186_6_2,0
u187_5,u187_5_1,0
u187_6,u187_6_0,1
u188_5,u188_5_2,0
u188_6,u188_6_1,0
u189_5,u189_5_0,1
u189_6,u189_6_0,1
u190_5,u190_5_0,1
u190_6,u190_6_0,1
u191_5,u191_5_2,0
u191_6,u191_6_0,1
u192_5,u192_5_2,0
u192_6,u192_6_1,0
u193_5,u193_5_2,0
u193_6,u193_6_0,1
u194_5,u194_5_1,0
u194_6,u194_6_2,0
u195_5,u195_5_2,0
u195_6,u195_6_1,0
u196_5,u196_5_0,1
u196_6,u196_6_1,0
u197_5,u197_5_0,1
u197_6,u197_6_0,1
u198_5,u198_5_0,1
u198_6,u198_6_1,0
u199_5,u199_5_1,0
u199_6,u199_6_2,0
u200_5,u200_5_1,0
u200_6,u200_6_1,0
b127_5,b127_5_1,0
b127_6,b127_6_0,1
b128_5,b128_5_1,0
b128_6,b128_6_2,0
b129_5,b129_5_0,1
b129_6,b129_6_0,1
b130_5,b130_5_1,0
b130_6,b130_6_0,1
b131_5,b131_5_0,1
b131_6,b131_6_1,0
b132_5,b132_5_1,0
b132_6,b132_6_0,1
b133_5,b133_5_0,1
b133_6,b133_6_2,0
b134_5,b134_5_0,1
b134_6,b134_6_0,1
b029_5,b029_5_0,1
b029_6,b029_6_1,0
b030_5,b030_5_0,1
b030_6,b030_6_0,1
b031_5,b031_5_0,1
b031_6,b031_6_0,1
b032_5,b032_5_2,0
b032_6,b032_6_0,1
b033_5,b033_5_0,1
b033_6,b033_6_0,1
b034_5,b034_5_2,0
b034_6,b034_6_3,0
b035_5,b035_5_1,0
b035_6,b035_6_0,1
b036_5,b036_5_0,1
b036_6,b036_6_0,1
b037_5,b037_5_2,0
b037_6,b037_6_0,1
b038_5,b038_5_1,0
b038_6,b038_6_0,1
b039_5,b039_5_0,1
b039_6,b039_6_0,1
b040_5,b040_5_0,1
b040_6,b040_6_2,0
b041_5,b041_5_0,1
b041_6,b041_6_2,0
b042_5,b042_5_0,1
b042_6,b042_6_0,1
b043_5,b043_5_0,1
b043_6,b043_6_0,1
b044_5,b044_5_0,1
b044_6,b044_6_2,0
b045_5,b045_5_2,0
b045_6,b045_6_3,0
b046_5,b046_5_0,1
b046_6,b046_6_0,1
b047_5,b047_5_1,0
b047_6,b047_6_3,0
b048_5,b048_5_0,1
b048_6,b048_6_0,1
b049_5,b049_5_3,0
b049_6,b049_6_0,1
b050_5,b050_5_0,1
b050_6,b050_6_1,0
n171_5,n171_5_2,0
n171_6,n171_6_2,0
n172_5,n172_5_0,1
n172_6,n172_6_0,1
n173_5,n173_5_1,0
n173_6,n173_6_2,0
n174_5,n174_5_1,0
n174_6,n174_6_0,1
n175_5,n175_5_0,1
n175_6,n175_6_0,1
n176_5,n176_5_1,0
n176_6,n176_6_1,0
n177_5,n177_5_0,1
n177_6,n177_6_0,1
n178_5,n178_5_0,1
n178_6,n178_6_0,1
n179_5,n179_5_1,0
n179_6,n179_6_2,0
n180_5,n180_5_0,1
n180_6,n180_6_2,0
n181_5,n181_5_0,1
n181_6,n181_6_1,0
n182_5,n182_5_0,1
n182_6,n182_6_0,1
n183_5,n183_5_0,1
n183_6,n183_6_2,0
n184_5,n184_5_1,0
n184_6,n184_6_0,1
n185_5,n185_5_0,1
n185_6,n185_6_0,1
n186_5,n186_5_0,1
n186_6,n186_6_0,1
n187_5,n187_5_2,0
n187_6,n187_6_0,1
n188_5,n188_5_0,1
n188_6,n188_6_1,0
n189_5,n189_5_0,1
n189_6,n189_6_0,1
n190_5,n190_5_1,0
n190_6,n190_6_0,1
n191_5,n191_5_0,1
n191_6,n191_6_1,0
n192_5,n192_5_0,1
n192_6,n192_6_3,0
n193_5,n193_5_3,0
n193_6,n193_6_0,1
n194_5,n194_5_1,0
n194_6,n194_6_0,1
n195_5,n195_5_2,0
n195_6,n195_6_0,1
n196_5,n196_5_0,1
n196_6,n196_6_0,1
n197_5,n197_5_1,0
n197_6,n197_6_1,0
n198_5,n198_5_0,1
n198_6,n198_6_1,0
n199_5,n199_5_0,1
n199_6,n199_6_0,1
n200_5,n200_5_0,1
n200_6,n200_6_0,1
f171_7,f171_7_3,0
f171_8,f171_8_2,0
f172_7,f172_7_0,1
f172_8,f172_8_2,0
f173_7,f173_7_2,0
f173_8,f173_8_2,0
f174_7,f174_7_1,0
f174_8,f174_8_1,0
f175_7,f175_7_1,0
f175_8,f175_8_2,0
f176_7,f176_7_0,1
f176_8,f176_8_2,0
f177_7,f177_7_0,1
f177_8,f177_8_2,0
f178_7,f178_7_1,0
f178_8,f178_8_2,0
f179_8,f179_8_0,1
f179_7,f179_7_2,0
f180_7,f180_7_0,1
f180_8,f180_8_2,0
f181_7,f181_7_0,1
f181_8,f181_8_2,0
f182_7,f182_7_2,0
f182_8,f182_8_0,1
f183_7,f183_7_2,0
f183_8,f183_8_1,0
f184_7,f184_7_0,1
f184_8,f184_8_2,0
f185_7,f185_7_2,0
f185_8,f185_8_2,0
f186_7,f186_7_0,1
f186_8,f186_8_2,0
f187_7,f187_7_1,0
f187_8,f187_8_2,0
f188_7,f188_7_2,0
f188_8,f188_8_2,0
f189_7,f189_7_1,0
f189_8,f189_8_2,0
f190_7,f190_7_1,0
f190_8,f190_8_0,1
f191_7,f191_7_1,0
f191_8,f191_8_0,1
f192_7,f192_7_1,0
f192_8,f192_8_1,0
f193_7,f193_7_2,0
f193_8,f193_8_1,0
f194_7,f194_7_1,0
f194_8,f194_8_0,1
f195_7,f195_7_3,0
f195_8,f195_8_2,0
f196_7,f196_7_0,1
f196_8,f196_8_2,0
f197_7,f197_7_1,0
f197_8,f197_8_0,1
f197_11,f197_11_0,1
f198_7,f198_7_2,0
f198_8,f198_8_3,0
f199_7,f199_7_0,1
f199_8,f199_8_2,0
f200_7,f200_7_0,1
f200_8,f200_8_2,0
u171_7,u171_7_0,1
u171_8,u171_8_0,1
u172_7,u172_7_2,0
u172_8,u172_8_3,0
u173_7,u173_7_0,1
u173_8,u173_8_0,1
u174_7,u174_7_2,0
u174_8,u174_8_0,1
u175_7,u175_7_0,1
u175_8,u175_8_0,1
u176_7,u176_7_0,1
u176_8,u176_8_0,1
u177_7,u177_7_0,1
u177_8,u177_8_3,0
u178_7,u178_7_1,0
u178_8,u178_8_1,0
u179_7,u179_7_0,1
u179_8,u179_8_1,0
u180_7,u180_7_0,1
u180_8,u180_8_0,1
u181_7,u181_7_0,1
u181_8,u181_8_0,1
u182_7,u182_7_0,1
u182_8,u182_8_0,1
u183_7,u183_7_0,1
u183_8,u183_8_0,1
u184_7,u184_7_0,1
u184_8,u184_8_0,1
u185_7,u185_7_3,0
u185_8,u185_8_2,0
u186_7,u186_7_1,0
u186_8,u186_8_0,1
u187_7,u187_7_0,1
u187_8,u187_8_2,0
u188_7,u188_7_0,1
u188_8,u188_8_3,0
u189_7,u189_7_0,1
u189_8,u189_8_0,1
u190_7,u190_7_0,1
u190_8,u190_8_0,1
u191_7,u191_7_1,0
u191_8,u191_8_0,1
u192_7,u192_7_0,1
u192_8,u192_8_2,0
u193_7,u193_7_2,0
u193_8,u193_8_1,0
u194_7,u194_7_0,1
u194_8,u194_8_1,0
u195_7,u195_7_1,0
u195_8,u195_8_0,1
u196_7,u196_7_0,1
u196_8,u196_8_1,0
u197_7,u197_7_0,1
u197_8,u197_8_0,1
u198_7,u198_7_0,1
u198_8,u198_8_0,1
u199_7,u199_7_0,1
u199_8,u199_8_0,1
u200_7,u200_7_2,0
u200_8,u200_8_2,0
b127_7,b127_7_3,0
b127_8,b127_8_0,1
b128_7,b128_7_1,0
b128_8,b128_8_1,0
b129_7,b129_7_2,0
b129_8,b129_8_0,1
b130_7,b130_7_0,1
b130_8,b130_8_0,1
b131_7,b131_7_2,0
b131_8,b131_8_1,0
b132_7,b132_7_1,0
b132_8,b132_8_0,1
b133_7,b133_7_1,0
b133_8,b133_8_2,0
b134_7,b134_7_1,0
b134_8,b134_8_0,1
b029_7,b029_7_0,1
b029_8,b029_8_1,0
b030_7,b030_7_0,1
b030_8,b030_8_1,0
b031_7,b031_7_3,0
b031_8,b031_8_1,0
b032_7,b032_7_2,0
b032_8,b032_8_1,0
b033_7,b033_7_1,0
b033_8,b033_8_0,1
b034_7,b034_7_0,1
b034_8,b034_8_1,0
b035_7,b035_7_2,0
b035_8,b035_8_0,1
b036_7,b036_7_2,0
b036_8,b036_8_0,1
b037_7,b037_7_2,0
b037_8,b037_8_0,1
b038_7,b038_7_0,1
b038_8,b038_8_1,0
b039_7,b039_7_2,0
b039_8,b039_8_2,0
b040_7,b040_7_0,1
b040_8,b040_8_0,1
b041_7,b041_7_0,1
b041_8,b041_8_0,1
b042_7,b042_7_0,1
b042_8,b042_8_0,1
b043_7,b043_7_0,1
b043_8,b043_8_0,1
b044_7,b044_7_0,1
b044_8,b044_8_0,1
b045_7,b045_7_2,0
b045_8,b045_8_0,1
b046_7,b046_7_0,1
b046_8,b046_8_0,1
b047_7,b047_7_1,0
b047_8,b047_8_3,0
b048_7,b048_7_0,1
b048_8,b048_8_1,0
b049_7,b049_7_0,1
b049_8,b049_8_0,1
b050_7,b050_7_0,1
b050_8,b050_8_1,0
n171_7,n171_7_0,1
n171_8,n171_8_0,1
n172_7,n172_7_2,0
n172_8,n172_8_1,0
n173_7,n173_7_1,0
n173_8,n173_8_0,1
n174_7,n174_7_1,0
n174_8,n174_8_0,1
n175_7,n175_7_3,0
n175_8,n175_8_1,0
n176_7,n176_7_1,0
n176_8,n176_8_0,1
n177_7,n177_7_0,1
n177_8,n177_8_0,1
n178_7,n178_7_0,1
n178_8,n178_8_1,0
n179_7,n179_7_0,1
n179_8,n179_8_1,0
n180_7,n180_7_0,1
n180_8,n180_8_2,0
n181_7,n181_7_0,1
n181_8,n181_8_2,0
n182_7,n182_7_0,1
n182_8,n182_8_2,0
n183_7,n183_7_0,1
n183_8,n183_8_2,0
n184_7,n184_7_2,0
n184_8,n184_8_0,1
n185_7,n185_7_1,0
n185_8,n185_8_1,0
n186_7,n186_7_0,1
n186_8,n186_8_0,1
n187_7,n187_7_1,0
n187_8,n187_8_0,1
n188_7,n188_7_2,0
n188_8,n188_8_1,0
n189_7,n189_7_0,1
n189_8,n189_8_0,1
n190_7,n190_7_0,1
n190_8,n190_8_1,0
n191_7,n191_7_0,1
n191_8,n191_8_2,0
n192_7,n192_7_0,1
n192_8,n192_8_2,0
n193_7,n193_7_2,0
n193_8,n193_8_1,0
n194_7,n194_7_0,1
n194_8,n194_8_1,0
n195_7,n195_7_0,1
n195_8,n195_8_0,1
n196_7,n196_7_0,1
n196_8,n196_8_1,0
n197_7,n197_7_1,0
n197_8,n197_8_0,1
n198_7,n198_7_0,1
n198_8,n198_8_0,1
n199_7,n199_7_3,0
n199_8,n199_8_0,1
n200_7,n200_7_0,1
n200_8,n200_8_0,1
f171_19,f171_19_3,0
f171_13,f171_13_0,1
f171_14,f171_14_0,1
f172_13,f172_13_1,0
f172_14,f172_14_1,0
f173_13,f173_13_3,0
f173_14,f173_14_2,0
f174_13,f174_13_1,0
f174_14,f174_14_0,1
f175_13,f175_13_3,0
f175_14,f175_14_2,0
f176_13,f176_13_1,0
f176_14,f176_14_1,0
f177_13,f177_13_2,0
f177_14,f177_14_0,1
f178_13,f178_13_1,0
f178_14,f178_14_3,0
f179_13,f179_13_1,0
f179_14,f179_14_0,1
f180_13,f180_13_0,1
f180_14,f180_14_0,1
f181_14,f181_14_1,0
f181_20,f181_20_2,0
f182_13,f182_13_3,0
f182_14,f182_14_0,1
f183_13,f183_13_0,1
f183_14,f183_14_0,1
f184_13,f184_13_3,0
f184_14,f184_14_2,0
f185_13,f185_13_1,0
f185_14,f185_14_1,0
f186_13,f186_13_0,1
f186_14,f186_14_2,0
f187_13,f187_13_0,1
f187_14,f187_14_0,1
f188_13,f188_13_0,1
f188_14,f188_14_2,0
f189_19,f189_19_2,0
f189_13,f189_13_1,0
f189_14,f189_14_2,0
f190_13,f190_13_1,0
f190_14,f190_14_0,1
f191_13,f191_13_3,0
f191_14,f191_14_0,1
f192_13,f192_13_2,0
f192_14,f192_14_2,0
f193_13,f193_13_1,0
f193_14,f193_14_0,1
f194_13,f194_13_2,0
f194_14,f194_14_2,0
f195_13,f195_13_0,1
f195_14,f195_14_0,1
f196_13,f196_13_2,0
f196_14,f196_14_2,0
f197_13,f197_13_0,1
f197_14,f197_14_0,1
f198_13,f198_13_2,0
f198_14,f198_14_3,0
f199_13,f199_13_2,0
f199_14,f199_14_2,0
f200_13,f200_13_1,0
f200_14,f200_14_2,0
u171_13,u171_13_0,1
u171_14,u171_14_0,1
u172_13,u172_13_0,1
u172_14,u172_14_3,0
u173_13,u173_13_1,0
u173_14,u173_14_1,0
u174_13,u174_13_3,0
u174_14,u174_14_0,1
u175_13,u175_13_1,0
u175_14,u175_14_0,1
u176_13,u176_13_0,1
u176_14,u176_14_0,1
u177_13,u177_13_2,0
u177_14,u177_14_0,1
u178_13,u178_13_0,1
u178_14,u178_14_2,0
u179_13,u179_13_2,0
u179_14,u179_14_0,1
u180_13,u180_13_0,1
u180_14,u180_14_1,0
u181_13,u181_13_2,0
u181_14,u181_14_0,1
u182_13,u182_13_0,1
u182_14,u182_14_0,1
u183_13,u183_13_1,0
u183_14,u183_14_2,0
u184_13,u184_13_0,1
u184_14,u184_14_3,0
u185_13,u185_13_0,1
u185_14,u185_14_2,0
u186_13,u186_13_0,1
u186_14,u186_14_0,1
u187_13,u187_13_0,1
u187_14,u187_14_2,0
u188_13,u188_13_0,1
u188_14,u188_14_0,1
u189_13,u189_13_3,0
u189_14,u189_14_1,0
u190_13,u190_13_1,0
u190_14,u190_14_1,0
u191_13,u191_13_0,1
u191_14,u191_14_0,1
u192_13,u192_13_0,1
u192_14,u192_14_1,0
u193_13,u193_13_1,0
u193_14,u193_14_1,0
u194_13,u194_13_1,0
u194_14,u194_14_1,0
u195_13,u195_13_0,1
u195_14,u195_14_0,1
u196_13,u196_13_1,0
u196_14,u196_14_0,1
u197_13,u197_13_0,1
u197_14,u197_14_1,0
u198_13,u198_13_0,1
u198_14,u198_14_1,0
u199_13,u199_13_2,0
u199_14,u199_14_3,0
u200_13,u200_13_2,0
u200_14,u200_14_0,1
b127_13,b127_13_0,1
b127_14,b127_14_0,1
b128_13,b128_13_1,0
b128_14,b128_14_1,0
b129_13,b129_13_2,0
b129_14,b129_14_1,0
b130_13,b130_13_0,1
b130_14,b130_14_2,0
b131_13,b131_13_0,1
b131_14,b131_14_1,0
b132_13,b132_13_2,0
b132_14,b132_14_0,1
b133_13,b133_13_3,0
b133_14,b133_14_0,1
b134_13,b134_13_1,0
b134_14,b134_14_1,0
b029_13,b029_13_0,1
b029_14,b029_14_1,0
b030_13,b030_13_2,0
b030_14,b030_14_2,0
b031_13,b031_13_1,0
b031_14,b031_14_3,0
b032_13,b032_13_0,1
b032_14,b032_14_3,0
b033_13,b033_13_2,0
b033_14,b033_14_0,1
b034_13,b034_13_1,0
b034_14,b034_14_1,0
b035_13,b035_13_2,0
b035_14,b035_14_0,1
b036_13,b036_13_1,0
b036_14,b036_14_1,0
b037_13,b037_13_1,0
b037_14,b037_14_1,0
b038_13,b038_13_1,0
b038_14,b038_14_2,0
b039_13,b039_13_0,1
b039_14,b039_14_0,1
b040_13,b040_13_0,1
b040_14,b040_14_0,1
b041_13,b041_13_0,1
b041_14,b041_14_3,0
b042_13,b042_13_0,1
b042_14,b042_14_0,1
b043_13,b043_13_0,1
b043_14,b043_14_3,0
b044_13,b044_13_0,1
b044_14,b044_14_1,0
b045_13,b045_13_0,1
b045_14,b045_14_0,1
b046_13,b046_13_0,1
b046_14,b046_14_3,0
b047_13,b047_13_2,0
b047_14,b047_14_3,0
b048_13,b048_13_0,1
b048_14,b048_14_2,0
b049_13,b049_13_3,0
b049_14,b049_14_3,0
b050_13,b050_13_0,1
b050_14,b050_14_0,1
n171_13,n171_13_0,1
n171_14,n171_14_0,1
n172_13,n172_13_0,1
n172_14,n172_14_0,1
n173_13,n173_13_0,1
n173_14,n173_14_0,1
n174_13,n174_13_0,1
n174_14,n174_14_3,0
n175_13,n175_13_0,1
n175_14,n175_14_1,0
n176_13,n176_13_0,1
n176_14,n176_14_0,1
n177_13,n177_13_3,0
n177_14,n177_14_2,0
n178_13,n178_13_1,0
n178_14,n178_14_2,0
n179_13,n179_13_0,1
n179_14,n179_14_1,0
n180_13,n180_13_3,0
n180_14,n180_14_0,1
n181_13,n181_13_0,1
n181_14,n181_14_0,1
n182_13,n182_13_2,0
n182_14,n182_14_0,1
n183_13,n183_13_0,1
n183_14,n183_14_0,1
n184_13,n184_13_0,1
n184_14,n184_14_0,1
n185_13,n185_13_0,1
n185_14,n185_14_0,1
n186_13,n186_13_0,1
n186_14,n186_14_0,1
n187_13,n187_13_2,0
n187_14,n187_14_0,1
n188_13,n188_13_0,1
n188_14,n188_14_1,0
n189_13,n189_13_1,0
n189_14,n189_14_0,1
n190_13,n190_13_0,1
n190_14,n190_14_1,0
n191_13,n191_13_0,1
n191_14,n191_14_1,0
n192_13,n192_13_3,0
n192_14,n192_14_2,0
n193_13,n193_13_1,0
n193_14,n193_14_0,1
n194_13,n194_13_0,1
n194_14,n194_14_0,1
n195_13,n195_13_0,1
n195_14,n195_14_1,0
n196_13,n196_13_1,0
n196_14,n196_14_0,1
n197_13,n197_13_2,0
n197_14,n197_14_1,0
n198_13,n198_13_2,0
n198_14,n198_14_0,1
n199_13,n199_13_0,1
n199_14,n199_14_2,0
n200_13,n200_13_2,0
n200_14,n200_14_1,0
f171_9,f171_9_2,0
f171_10,f171_10_0,1
f172_9,f172_9_1,0
f172_10,f172_10_0,1
f173_10,f173_10_2,0
f173_9,f173_9_2,0
f174_9,f174_9_0,1
f174_10,f174_10_0,1
f175_19,f175_19_3,0
f175_9,f175_9_0,1
f175_10,f175_10_1,0
f176_9,f176_9_2,0
f176_10,f176_10_3,0
f177_2,f177_2_2,0
f177_19,f177_19_2,0
f177_9,f177_9_0,1
f177_10,f177_10_1,0
f178_9,f178_9_3,0
f178_10,f178_10_1,0
f179_4,f179_4_0,1
f179_19,f179_19_3,0
f179_9,f179_9_2,0
f179_10,f179_10_2,0
f180_9,f180_9_0,1
f180_10,f180_10_0,1
f181_3,f181_3_0,1
f181_9,f181_9_2,0
f181_10,f181_10_0,1
f182_9,f182_9_1,0
f182_10,f182_10_1,0
f183_9,f183_9_2,0
f183_10,f183_10_1,0
f184_9,f184_9_2,0
f184_10,f184_10_3,0
f185_19,f185_19_3,0
f185_9,f185_9_1,0
f185_10,f185_10_2,0
f186_9,f186_9_3,0
f186_10,f186_10_0,1
f187_9,f187_9_0,1
f187_10,f187_10_0,1
f188_9,f188_9_0,1
f188_10,f188_10_0,1
f189_9,f189_9_0,1
f189_10,f189_10_3,0
f190_9,f190_9_2,0
f190_10,f190_10_3,0
f191_9,f191_9_0,1
f191_10,f191_10_0,1
f192_9,f192_9_0,1
f192_10,f192_10_0,1
f193_9,f193_9_2,0
f193_10,f193_10_2,0
f194_9,f194_9_0,1
f194_10,f194_10_1,0
f195_9,f195_9_1,0
f195_10,f195_10_0,1
f196_3,f196_3_2,0
f196_9,f196_9_0,1
f196_10,f196_10_2,0
f197_9,f197_9_2,0
f197_10,f197_10_0,1
f198_9,f198_9_1,0
f198_10,f198_10_1,0
f199_9,f199_9_0,1
f199_10,f199_10_1,0
f200_9,f200_9_0,1
f200_10,f200_10_0,1
u171_9,u171_9_0,1
u171_10,u171_10_0,1
u172_9,u172_9_3,0
u172_10,u172_10_0,1
u173_9,u173_9_1,0
u173_10,u173_10_2,0
u174_9,u174_9_3,0
u174_10,u174_10_0,1
u175_9,u175_9_1,0
u175_10,u175_10_0,1
u176_9,u176_9_0,1
u176_10,u176_10_0,1
u177_9,u177_9_0,1
u177_10,u177_10_0,1
u178_9,u178_9_0,1
u178_10,u178_10_0,1
u179_9,u179_9_3,0
u179_10,u179_10_0,1
u180_9,u180_9_1,0
u180_10,u180_10_0,1
u181_9,u181_9_1,0
u181_10,u181_10_3,0
u182_9,u182_9_0,1
u182_10,u182_10_0,1
u183_9,u183_9_0,1
u183_10,u183_10_1,0
u184_9,u184_9_0,1
u184_10,u184_10_3,0
u185_9,u185_9_0,1
u185_10,u185_10_0,1
u186_9,u186_9_0,1
u186_10,u186_10_0,1
u187_9,u187_9_0,1
u187_10,u187_10_0,1
u188_9,u188_9_2,0
u188_10,u188_10_0,1
u189_9,u189_9_0,1
u189_10,u189_10_1,0
u190_9,u190_9_0,1
u190_10,u190_10_2,0
u191_9,u191_9_0,1
u191_10,u191_10_0,1
u192_9,u192_9_2,0
u192_10,u192_10_1,0
u193_9,u193_9_2,0
u193_10,u193_10_0,1
u194_9,u194_9_0,1
u194_10,u194_10_2,0
u195_9,u195_9_0,1
u195_10,u195_10_0,1
u196_9,u196_9_2,0
u196_10,u196_10_0,1
u197_9,u197_9_0,1
u197_10,u197_10_0,1
u198_9,u198_9_3,0
u198_10,u198_10_1,0
u199_9,u199_9_1,0
u199_10,u199_10_1,0
u200_9,u200_9_0,1
u200_10,u200_10_2,0
b127_9,b127_9_0,1
b127_10,b127_10_0,1
b128_9,b128_9_0,1
b128_10,b128_10_0,1
b129_9,b129_9_2,0
b129_10,b129_10_0,1
b130_9,b130_9_0,1
b130_10,b130_10_0,1
b131_9,b131_9_1,0
b131_10,b131_10_0,1
b132_9,b132_9_0,1
b132_10,b132_10_0,1
b133_9,b133_9_3,0
b133_10,b133_10_0,1
b134_9,b134_9_2,0
b134_10,b134_10_1,0
b029_9,b029_9_0,1
b029_10,b029_10_0,1
b030_9,b030_9_1,0
b030_10,b030_10_2,0
b031_9,b031_9_0,1
b031_10,b031_10_0,1
b032_9,b032_9_0,1
b032_10,b032_10_0,1
b033_9,b033_9_0,1
b033_10,b033_10_0,1
b034_9,b034_9_0,1
b034_10,b034_10_1,0
b035_9,b035_9_1,0
b035_10,b035_10_1,0
b036_9,b036_9_0,1
b036_10,b036_10_0,1
b037_9,b037_9_2,0
b037_10,b037_10_0,1
b038_9,b038_9_2,0
b038_10,b038_10_1,0
b039_9,b039_9_0,1
b039_10,b039_10_1,0
b040_9,b040_9_2,0
b040_10,b040_10_0,1
b041_9,b041_9_0,1
b041_10,b041_10_0,1
b042_9,b042_9_1,0
b042_10,b042_10_0,1
b043_9,b043_9_0,1
b043_10,b043_10_1,0
b044_9,b044_9_1,0
b044_10,b044_10_0,1
b045_9,b045_9_0,1
b045_10,b045_10_0,1
b046_9,b046_9_3,0
b046_10,b046_10_0,1
b047_9,b047_9_0,1
b047_10,b047_10_0,1
b048_9,b048_9_0,1
b048_10,b048_10_0,1
b049_9,b049_9_0,1
b049_10,b049_10_0,1
b050_9,b050_9_3,0
b050_10,b050_10_0,1
n171_9,n171_9_1,0
n171_10,n171_10_0,1
n172_9,n172_9_0,1
n172_10,n172_10_0,1
n173_9,n173_9_1,0
n173_10,n173_10_0,1
n174_9,n174_9_2,0
n174_10,n174_10_2,0
n175_9,n175_9_0,1
n175_10,n175_10_1,0
n176_9,n176_9_1,0
n176_10,n176_10_2,0
n177_9,n177_9_0,1
n177_10,n177_10_0,1
n178_9,n178_9_2,0
n178_10,n178_10_2,0
n179_9,n179_9_0,1
n179_10,n179_10_0,1
n180_9,n180_9_3,0
n180_10,n180_10_0,1
n181_9,n181_9_0,1
n181_10,n181_10_0,1
n182_9,n182_9_2,0
n182_10,n182_10_0,1
n183_9,n183_9_2,0
n183_10,n183_10_2,0
n184_9,n184_9_0,1
n184_10,n184_10_1,0
n185_9,n185_9_2,0
n185_10,n185_10_2,0
n186_9,n186_9_0,1
n186_10,n186_10_1,0
n187_9,n187_9_0,1
n187_10,n187_10_1,0
n188_9,n188_9_1,0
n188_10,n188_10_3,0
n189_9,n189_9_2,0
n189_10,n189_10_0,1
n190_9,n190_9_1,0
n190_10,n190_10_1,0
n191_9,n191_9_2,0
n191_10,n191_10_0,1
n192_9,n192_9_0,1
n192_10,n192_10_0,1
n193_9,n193_9_3,0
n193_10,n193_10_2,0
n194_9,n194_9_1,0
n194_10,n194_10_3,0
n195_9,n195_9_2,0
n195_10,n195_10_0,1
n196_9,n196_9_3,0
n196_10,n196_10_2,0
n197_9,n197_9_2,0
n197_10,n197_10_0,1
n198_9,n198_9_2,0
n198_10,n198_10_3,0
n199_9,n199_9_2,0
n199_10,n199_10_0,1
n200_9,n200_9_2,0
n200_10,n200_10_1,0
f171_11,f171_11_2,0
f171_12,f171_12_0,1
f172_11,f172_11_0,1
f172_12,f172_12_1,0
f173_11,f173_11_3,0
f173_12,f173_12_0,1
f174_11,f174_11_1,0
f174_12,f174_12_1,0
f175_11,f175_11_0,1
f175_12,f175_12_2,0
f176_11,f176_11_2,0
f176_12,f176_12_3,0
f177_11,f177_11_3,0
f177_12,f177_12_0,1
f178_11,f178_11_1,0
f178_12,f178_12_0,1
f179_11,f179_11_1,0
f179_12,f179_12_2,0
f180_11,f180_11_2,0
f180_12,f180_12_0,1
f181_11,f181_11_0,1
f181_12,f181_12_2,0
f182_11,f182_11_1,0
f182_12,f182_12_0,1
f183_11,f183_11_0,1
f183_12,f183_12_0,1
f184_11,f184_11_1,0
f184_12,f184_12_0,1
f185_11,f185_11_1,0
f185_12,f185_12_2,0
f186_11,f186_11_1,0
f186_12,f186_12_1,0
f187_11,f187_11_1,0
f187_12,f187_12_3,0
f188_11,f188_11_2,0
f188_12,f188_12_2,0
f189_11,f189_11_1,0
f189_12,f189_12_1,0
f190_11,f190_11_0,1
f190_12,f190_12_1,0
f191_11,f191_11_0,1
f191_12,f191_12_2,0
f192_11,f192_11_2,0
f192_12,f192_12_1,0
f193_11,f193_11_2,0
f193_12,f193_12_2,0
f194_11,f194_11_2,0
f194_12,f194_12_0,1
f195_11,f195_11_1,0
f195_12,f195_12_1,0
f196_4,f196_4_2,0
f196_11,f196_11_0,1
f196_12,f196_12_1,0
f197_12,f197_12_1,0
f197_19,f197_19_2,0
f198_11,f198_11_0,1
f198_12,f198_12_1,0
f199_11,f199_11_0,1
f199_12,f199_12_3,0
f200_11,f200_11_2,0
f200_12,f200_12_1,0
u171_11,u171_11_2,0
u171_12,u171_12_0,1
u172_11,u172_11_1,0
u172_12,u172_12_1,0
u173_11,u173_11_0,1
u173_12,u173_12_0,1
u174_11,u174_11_0,1
u174_12,u174_12_0,1
u175_11,u175_11_2,0
u175_12,u175_12_2,0
u176_11,u176_11_0,1
u176_12,u176_12_0,1
u177_11,u177_11_0,1
u177_12,u177_12_2,0
u178_11,u178_11_0,1
u178_12,u178_12_0,1
u179_11,u179_11_1,0
u179_12,u179_12_0,1
u180_11,u180_11_0,1
u180_12,u180_12_1,0
u181_11,u181_11_0,1
u181_12,u181_12_2,0
u182_11,u182_11_1,0
u182_12,u182_12_0,1
u183_11,u183_11_1,0
u183_12,u183_12_0,1
u184_11,u184_11_0,1
u184_12,u184_12_0,1
u185_11,u185_11_1,0
u185_12,u185_12_0,1
u186_11,u186_11_0,1
u186_12,u186_12_0,1
u187_11,u187_11_1,0
u187_12,u187_12_1,0
u188_11,u188_11_0,1
u188_12,u188_12_0,1
u189_11,u189_11_0,1
u189_12,u189_12_0,1
u190_11,u190_11_3,0
u190_12,u190_12_0,1
u191_11,u191_11_0,1
u191_12,u191_12_0,1
u192_11,u192_11_2,0
u192_12,u192_12_1,0
u193_11,u193_11_1,0
u193_12,u193_12_0,1
u194_11,u194_11_2,0
u194_12,u194_12_1,0
u195_11,u195_11_0,1
u195_12,u195_12_0,1
u196_11,u196_11_1,0
u196_12,u196_12_2,0
u197_11,u197_11_1,0
u197_12,u197_12_1,0
u198_11,u198_11_2,0
u198_12,u198_12_1,0
u199_11,u199_11_0,1
u199_12,u199_12_2,0
u200_11,u200_11_2,0
u200_12,u200_12_2,0
b127_11,b127_11_1,0
b127_12,b127_12_0,1
b128_11,b128_11_0,1
b128_12,b128_12_2,0
b129_11,b129_11_0,1
b129_12,b129_12_2,0
b130_11,b130_11_2,0
b130_12,b130_12_0,1
b131_11,b131_11_2,0
b131_12,b131_12_0,1
b132_11,b132_11_1,0
b132_12,b132_12_0,1
b133_11,b133_11_0,1
b133_12,b133_12_0,1
b134_11,b134_11_0,1
b134_12,b134_12_0,1
b029_11,b029_11_2,0
b029_12,b029_12_0,1
b030_11,b030_11_0,1
b030_12,b030_12_0,1
b031_11,b031_11_0,1
b031_12,b031_12_0,1
b032_11,b032_11_0,1
b032_12,b032_12_0,1
b033_11,b033_11_0,1
b033_12,b033_12_1,0
b034_11,b034_11_2,0
b034_12,b034_12_0,1
b035_11,b035_11_1,0
b035_12,b035_12_0,1
b036_11,b036_11_0,1
b036_12,b036_12_1,0
b037_11,b037_11_1,0
b037_12,b037_12_2,0
b038_11,b038_11_0,1
b038_12,b038_12_2,0
b039_11,b039_11_0,1
b039_12,b039_12_2,0
b040_11,b040_11_2,0
b040_12,b040_12_2,0
b041_11,b041_11_0,1
b041_12,b041_12_0,1
b042_11,b042_11_3,0
b042_12,b042_12_3,0
b043_11,b043_11_2,0
b043_12,b043_12_1,0
b044_11,b044_11_1,0
b044_12,b044_12_0,1
b045_11,b045_11_0,1
b045_12,b045_12_0,1
b046_11,b046_11_0,1
b046_12,b046_12_0,1
b047_11,b047_11_0,1
b047_12,b047_12_0,1
b048_11,b048_11_0,1
b048_12,b048_12_0,1
b049_11,b049_11_3,0
b049_12,b049_12_0,1
b050_11,b050_11_0,1
b050_12,b050_12_0,1
n171_11,n171_11_2,0
n171_12,n171_12_0,1
n172_11,n172_11_0,1
n172_12,n172_12_0,1
n173_11,n173_11_0,1
n173_12,n173_12_2,0
n174_11,n174_11_0,1
n174_12,n174_12_2,0
n175_11,n175_11_1,0
n175_12,n175_12_2,0
n176_11,n176_11_0,1
n176_12,n176_12_0,1
n177_11,n177_11_0,1
n177_12,n177_12_1,0
n178_11,n178_11_2,0
n178_12,n178_12_0,1
n179_11,n179_11_0,1
n179_12,n179_12_0,1
n180_11,n180_11_0,1
n180_12,n180_12_2,0
n181_11,n181_11_0,1
n181_12,n181_12_0,1
n182_11,n182_11_1,0
n182_12,n182_12_0,1
n183_11,n183_11_1,0
n183_12,n183_12_0,1
n184_11,n184_11_1,0
n184_12,n184_12_1,0
n185_11,n185_11_0,1
n185_12,n185_12_0,1
n186_11,n186_11_2,0
n186_12,n186_12_0,1
n187_11,n187_11_3,0
n187_12,n187_12_3,0
n188_11,n188_11_0,1
n188_12,n188_12_2,0
n189_11,n189_11_0,1
n189_12,n189_12_1,0
n190_11,n190_11_0,1
n190_12,n190_12_2,0
n191_11,n191_11_0,1
n191_12,n191_12_0,1
n192_11,n192_11_3,0
n192_12,n192_12_1,0
n193_11,n193_11_1,0
n193_12,n193_12_0,1
n194_11,n194_11_1,0
n194_12,n194_12_1,0
n195_11,n195_11_0,1
n195_12,n195_12_1,0
n196_11,n196_11_0,1
n196_12,n196_12_1,0
n197_11,n197_11_1,0
n197_12,n197_12_0,1
n198_11,n198_11_0,1
n198_12,n198_12_1,0
n199_11,n199_11_0,1
n199_12,n199_12_0,1
n200_11,n200_11_1,0
n200_12,n200_12_1,0
f171_15,f171_15_2,0
f171_16,f171_16_0,1
f172_15,f172_15_1,0
f172_16,f172_16_1,0
f173_15,f173_15_2,0
f173_16,f173_16_1,0
f174_15,f174_15_2,0
f174_16,f174_16_0,1
f175_15,f175_15_0,1
f175_16,f175_16_1,0
f176_15,f176_15_1,0
f176_16,f176_16_0,1
f177_15,f177_15_0,1
f177_16,f177_16_0,1
f178_15,f178_15_0,1
f178_16,f178_16_1,0
f179_15,f179_15_2,0
f179_16,f179_16_0,1
f180_15,f180_15_0,1
f180_16,f180_16_0,1
f181_15,f181_15_2,0
f181_16,f181_16_1,0
f182_15,f182_15_0,1
f182_16,f182_16_0,1
f183_15,f183_15_0,1
f183_16,f183_16_2,0
f184_15,f184_15_2,0
f184_16,f184_16_0,1
f185_15,f185_15_2,0
f185_16,f185_16_0,1
f186_15,f186_15_2,0
f186_16,f186_16_0,1
f187_15,f187_15_2,0
f187_16,f187_16_0,1
f188_15,f188_15_0,1
f188_16,f188_16_0,1
f189_15,f189_15_2,0
f189_16,f189_16_2,0
f190_15,f190_15_0,1
f190_16,f190_16_0,1
f191_15,f191_15_3,0
f191_16,f191_16_2,0
f192_15,f192_15_0,1
f192_16,f192_16_0,1
f193_15,f193_15_1,0
f193_16,f193_16_0,1
f194_15,f194_15_0,1
f194_16,f194_16_2,0
f195_15,f195_15_0,1
f195_16,f195_16_2,0
f196_15,f196_15_2,0
f196_16,f196_16_0,1
f197_15,f197_15_0,1
f197_16,f197_16_0,1
f198_15,f198_15_0,1
f198_16,f198_16_2,0
f199_15,f199_15_0,1
f199_16,f199_16_0,1
f200_15,f200_15_0,1
f200_16,f200_16_0,1
u171_15,u171_15_0,1
u171_16,u171_16_0,1
u172_15,u172_15_0,1
u172_16,u172_16_1,0
u173_15,u173_15_3,0
u173_16,u173_16_0,1
u174_15,u174_15_0,1
u174_16,u174_16_0,1
u175_15,u175_15_0,1
u175_16,u175_16_1,0
u176_15,u176_15_1,0
u176_16,u176_16_2,0
u177_15,u177_15_0,1
u177_16,u177_16_2,0
u178_15,u178_15_0,1
u178_16,u178_16_0,1
u179_15,u179_15_0,1
u179_16,u179_16_2,0
u180_15,u180_15_1,0
u180_16,u180_16_1,0
u181_15,u181_15_1,0
u181_16,u181_16_1,0
u182_15,u182_15_0,1
u182_16,u182_16_0,1
u183_15,u183_15_1,0
u183_16,u183_16_0,1
u184_15,u184_15_0,1
u184_16,u184_16_0,1
u185_15,u185_15_0,1
u185_16,u185_16_0,1
u186_15,u186_15_0,1
u186_16,u186_16_0,1
u187_15,u187_15_0,1
u187_16,u187_16_1,0
u188_15,u188_15_1,0
u188_16,u188_16_0,1
u189_15,u189_15_1,0
u189_16,u189_16_0,1
u190_15,u190_15_0,1
u190_16,u190_16_0,1
u191_15,u191_15_0,1
u191_16,u191_16_0,1
u192_15,u192_15_0,1
u192_16,u192_16_0,1
u193_15,u193_15_1,0
u193_16,u193_16_1,0
u194_15,u194_15_2,0
u194_16,u194_16_1,0
u195_15,u195_15_1,0
u195_16,u195_16_0,1
u196_15,u196_15_0,1
u196_16,u196_16_0,1
u197_15,u197_15_0,1
u197_16,u197_16_1,0
u198_15,u198_15_0,1
u198_16,u198_16_0,1
u199_15,u199_15_0,1
u199_16,u199_16_2,0
u200_15,u200_15_0,1
u200_16,u200_16_1,0
b127_15,b127_15_2,0
b127_16,b127_16_0,1
b128_15,b128_15_1,0
b128_16,b128_16_0,1
b129_15,b129_15_0,1
b129_16,b129_16_2,0
b130_15,b130_15_0,1
b130_16,b130_16_0,1
b131_15,b131_15_0,1
b131_16,b131_16_2,0
b132_15,b132_15_0,1
b132_16,b132_16_0,1
b133_15,b133_15_1,0
b133_16,b133_16_0,1
b134_15,b134_15_2,0
b134_16,b134_16_0,1
b029_15,b029_15_1,0
b029_16,b029_16_2,0
b030_15,b030_15_1,0
b030_16,b030_16_3,0
b031_15,b031_15_0,1
b031_16,b031_16_3,0
b032_15,b032_15_2,0
b032_16,b032_16_2,0
b033_15,b033_15_0,1
b033_16,b033_16_3,0
b034_15,b034_15_0,1
b034_16,b034_16_2,0
b035_15,b035_15_1,0
b035_16,b035_16_1,0
b036_15,b036_15_0,1
b036_16,b036_16_1,0
b037_15,b037_15_0,1
b037_16,b037_16_0,1
b038_15,b038_15_0,1
b038_16,b038_16_2,0
b039_15,b039_15_0,1
b039_16,b039_16_3,0
b040_15,b040_15_1,0
b040_16,b040_16_0,1
b041_15,b041_15_0,1
b041_16,b041_16_0,1
b042_15,b042_15_0,1
b042_16,b042_16_0,1
b043_15,b043_15_0,1
b043_16,b043_16_1,0
b044_15,b044_15_0,1
b044_16,b044_16_0,1
b045_15,b045_15_2,0
b045_16,b045_16_3,0
b046_15,b046_15_0,1
b046_16,b046_16_0,1
b047_15,b047_15_2,0
b047_16,b047_16_2,0
b048_15,b048_15_1,0
b048_16,b048_16_2,0
b049_15,b049_15_0,1
b049_16,b049_16_3,0
b050_15,b050_15_0,1
b050_16,b050_16_0,1
n171_15,n171_15_0,1
n171_16,n171_16_0,1
n172_15,n172_15_1,0
n172_16,n172_16_2,0
n173_15,n173_15_0,1
n173_16,n173_16_1,0
n174_15,n174_15_2,0
n174_16,n174_16_2,0
n175_15,n175_15_0,1
n175_16,n175_16_0,1
n176_15,n176_15_3,0
n176_16,n176_16_1,0
n177_15,n177_15_0,1
n177_16,n177_16_1,0
n178_15,n178_15_0,1
n178_16,n178_16_0,1
n179_15,n179_15_0,1
n179_16,n179_16_0,1
n180_15,n180_15_0,1
n180_16,n180_16_0,1
n181_15,n181_15_0,1
n181_16,n181_16_0,1
n182_15,n182_15_0,1
n182_16,n182_16_0,1
n183_15,n183_15_2,0
n183_16,n183_16_0,1
n184_15,n184_15_0,1
n184_16,n184_16_2,0
n185_15,n185_15_0,1
n185_16,n185_16_0,1
n186_15,n186_15_1,0
n186_16,n186_16_1,0
n187_15,n187_15_0,1
n187_16,n187_16_0,1
n188_15,n188_15_1,0
n188_16,n188_16_0,1
n189_15,n189_15_0,1
n189_16,n189_16_1,0
n190_15,n190_15_1,0
n190_16,n190_16_0,1
n191_15,n191_15_0,1
n191_16,n191_16_0,1
n192_15,n192_15_0,1
n192_16,n192_16_1,0
n193_15,n193_15_1,0
n193_16,n193_16_0,1
n194_15,n194_15_1,0
n194_16,n194_16_0,1
n195_15,n195_15_0,1
n195_16,n195_16_1,0
n196_15,n196_15_1,0
n196_16,n196_16_0,1
n197_15,n197_15_0,1
n197_16,n197_16_0,1
n198_15,n198_15_0,1
n198_16,n198_16_2,0
n199_15,n199_15_0,1
n199_16,n199_16_1,0
n200_15,n200_15_1,0
n200_16,n200_16_0,1
